{"cameraMode":{"drawMode":0,"name":"Shaded","section":"Shading Mode"},"sceneLighting":true,"audioPlay":false,"sceneViewState":{"showFog":true,"showMaterialUpdate":false,"showSkybox":true,"showFlares":true,"showImageEffects":true,"showParticleSystems":true},"in2DMode":false,"pivot":{"x":497.25994873046877,"y":-11.780182838439942,"z":-54.94073486328125},"rotation":{"x":-0.059828560799360278,"y":-0.24828918278217317,"z":0.015366151928901673,"w":-0.9667145609855652},"size":177.7383270263672,"orthographic":false}