{"cameraMode":{"drawMode":0,"name":"Shaded","section":"Shading Mode"},"sceneLighting":true,"audioPlay":false,"sceneViewState":{"showFog":true,"showMaterialUpdate":true,"showSkybox":true,"showFlares":true,"showImageEffects":true,"showParticleSystems":true},"in2DMode":false,"pivot":{"x":266.75347900390627,"y":166.87753295898438,"z":111.55137634277344},"rotation":{"x":-0.001499038189649582,"y":0.03599231317639351,"z":0.000053901312639936805,"w":0.9993510246276856},"size":544.7251586914063,"orthographic":true}